date,time,league,home,away,referee,article,published
2026-09-26,15:00,League 1,Cambridge Utd,AFC Wimbledon,Ben Toner,https://www.efl.com/news/2026/september/25/referee-appointments--26-september/,2026-09-25T08:45:08Z
2026-09-26,15:00,League 1,Plymouth,Burton,Simon Mather,https://www.efl.com/news/2026/september/25/referee-appointments--26-september/,2026-09-25T08:45:08Z
2026-09-26,15:00,League 1,Stockport,Peterborough,Ross Martin,https://www.efl.com/news/2026/september/25/referee-appointments--26-september/,2026-09-25T08:45:08Z
2026-09-26,15:00,League 1,Wycombe,Reading,Tom Reeves,https://www.efl.com/news/2026/september/25/referee-appointments--26-september/,2026-09-25T08:45:08Z
2026-09-26,15:00,League 2,Bristol Rovers,Exeter,Martin Coy,https://www.efl.com/news/2026/september/25/referee-appointments--26-september/,2026-09-25T08:45:08Z
2026-09-26,15:00,League 2,Cheltenham,Chesterfield,Dean Whitestone,https://www.efl.com/news/2026/september/25/referee-appointments--26-september/,2026-09-25T08:45:08Z
2026-09-26,15:00,League 2,Fleetwood,Rochdale,Alex Chilowicz,https://www.efl.com/news/2026/september/25/referee-appointments--26-september/,2026-09-25T08:45:08Z
2026-09-26,15:00,League 2,Newport,Grimsby,Darren Drysdale,https://www.efl.com/news/2026/september/25/referee-appointments--26-september/,2026-09-25T08:45:08Z
2026-09-26,17:30,League 2,Oldham,Salford,Isaac Searle,https://www.efl.com/news/2026/september/25/referee-appointments--26-september/,2026-09-25T08:45:08Z
2026-09-26,15:00,League 2,Rotherham,Crewe,David Rock,https://www.efl.com/news/2026/september/25/referee-appointments--26-september/,2026-09-25T08:45:08Z
2026-09-26,15:00,League 2,Shrewsbury,Colchester,Jamie Robinson,https://www.efl.com/news/2026/september/25/referee-appointments--26-september/,2026-09-25T08:45:08Z
2026-09-26,15:00,League 2,Swindon,Accrington,Harrison Blair,https://www.efl.com/news/2026/september/25/referee-appointments--26-september/,2026-09-25T08:45:08Z
2026-09-26,15:00,League 2,Tranmere,Walsall,Stephen Parkinson,https://www.efl.com/news/2026/september/25/referee-appointments--26-september/,2026-09-25T08:45:08Z
2026-09-26,15:00,League 2,York,Gillingham,Scott Oldham,https://www.efl.com/news/2026/september/25/referee-appointments--26-september/,2026-09-25T08:45:08Z
2026-10-03,15:00,League 1,Burton,Huddersfield,Neil Hair,https://www.efl.com/news/2026/september/29/referee-appointments--3-6-october/,2026-09-29T09:07:06Z
2026-10-03,15:00,League 1,Leyton Orient,Plymouth,Scott Oldham,https://www.efl.com/news/2026/september/29/referee-appointments--3-6-october/,2026-09-29T09:07:06Z
2026-10-03,15:00,League 1,Reading,Bradford,Paul Howard,https://www.efl.com/news/2026/september/29/referee-appointments--3-6-october/,2026-09-29T09:07:06Z
2026-10-03,15:00,League 2,Accrington,Cheltenham,Jamie O'Connor,https://www.efl.com/news/2026/september/29/referee-appointments--3-6-october/,2026-09-29T09:07:06Z
2026-10-03,12:30,League 2,Chesterfield,Tranmere,Thomas Parsons,https://www.efl.com/news/2026/september/29/referee-appointments--3-6-october/,2026-09-29T09:07:06Z
2026-10-03,15:00,League 2,Crewe,Bristol Rovers,Matthew Russell,https://www.efl.com/news/2026/september/29/referee-appointments--3-6-october/,2026-09-29T09:07:06Z
2026-10-03,15:00,League 2,Exeter,Rotherham,Lewis Sandoe,https://www.efl.com/news/2026/september/29/referee-appointments--3-6-october/,2026-09-29T09:07:06Z
2026-10-03,15:00,League 2,Gillingham,Newport,Carl Brook,https://www.efl.com/news/2026/september/29/referee-appointments--3-6-october/,2026-09-29T09:07:06Z
2026-10-03,15:00,League 2,Grimsby,Shrewsbury,Matt Corlett,https://www.efl.com/news/2026/september/29/referee-appointments--3-6-october/,2026-09-29T09:07:06Z
2026-10-03,15:00,League 2,Rochdale,Swindon,Alan Dale,https://www.efl.com/news/2026/september/29/referee-appointments--3-6-october/,2026-09-29T09:07:06Z
2026-10-03,15:00,League 2,Salford,Fleetwood,Ross Martin,https://www.efl.com/news/2026/september/29/referee-appointments--3-6-october/,2026-09-29T09:07:06Z
