round,date,time,league,home,away,hg,ag,hc,ac,hxg,axg,hs,as_,hst,ast,oh,od,oa,oo25,ou25,hr,ar,source
2026-08-14,2026-08-14,20:00,Championship,Wolves,Blackburn,2.0,2.0,5.0,5.0,1.97,0.84,18.0,10.0,3.0,5.0,1.53,4.12,6.02,1.82,1.92,0.0,0.0,football-data
2026-08-14,2026-08-15,12:30,Championship,Bolton,Preston,2.0,1.0,5.0,2.0,1.11,1.12,15.0,10.0,6.0,3.0,2.19,3.37,3.21,1.93,1.82,0.0,0.0,football-data
2026-08-14,2026-08-15,15:00,Championship,Bristol City,Millwall,0.0,2.0,6.0,6.0,0.52,3.4,8.0,24.0,0.0,3.0,2.59,3.37,2.63,1.91,1.83,1.0,0.0,football-data
2026-08-14,2026-08-15,15:00,Championship,Charlton,Derby,2.0,1.0,5.0,4.0,0.97,1.0,13.0,15.0,4.0,4.0,2.66,3.23,2.66,2.12,1.67,0.0,0.0,football-data
2026-08-14,2026-08-15,15:00,Championship,Middlesbrough,Lincoln,2.0,1.0,5.0,5.0,2.23,0.57,23.0,10.0,7.0,2.0,1.32,5.11,8.91,1.64,2.18,0.0,0.0,football-data
2026-08-14,2026-08-15,15:00,Championship,Norwich,West Brom,1.0,2.0,8.0,2.0,2.97,1.85,20.0,9.0,7.0,4.0,1.95,3.52,3.77,1.88,1.84,0.0,0.0,football-data
2026-08-14,2026-08-15,15:00,Championship,Portsmouth,QPR,1.0,3.0,6.0,3.0,2.18,2.07,17.0,13.0,6.0,6.0,2.28,3.38,3.03,1.93,1.81,0.0,0.0,football-data
2026-08-14,2026-08-15,17:30,Championship,Sheffield Utd,Birmingham,0.0,0.0,2.0,8.0,0.29,0.76,3.0,10.0,1.0,2.0,2.46,3.3,2.83,1.96,1.78,0.0,0.0,football-data
2026-08-14,2026-08-15,15:00,Championship,Stoke,Swansea,1.0,2.0,4.0,5.0,0.65,0.62,6.0,7.0,2.0,3.0,2.41,3.3,2.92,2.07,1.7,0.0,0.0,football-data
2026-08-14,2026-08-15,15:00,League 1,Barnsley,Bromley,0.0,1.0,12.0,2.0,1.18,1.04,22.0,12.0,8.0,3.0,2.1,3.43,3.28,1.83,1.89,0.0,0.0,football-data
2026-08-14,2026-08-15,15:00,League 1,Blackpool,Wycombe,1.0,1.0,5.0,4.0,1.97,1.56,20.0,11.0,7.0,4.0,2.54,3.35,2.62,1.88,1.83,0.0,0.0,football-data
2026-08-14,2026-08-15,15:00,League 1,Bradford,Peterborough,2.0,0.0,7.0,3.0,1.47,1.1,17.0,7.0,5.0,2.0,1.66,3.84,4.75,1.79,1.94,0.0,1.0,football-data
2026-08-14,2026-08-15,15:00,League 1,Burton,Stevenage,1.0,1.0,2.0,0.0,0.94,0.52,10.0,5.0,2.0,3.0,2.33,3.09,3.11,2.35,1.54,0.0,0.0,football-data
2026-08-14,2026-08-15,15:00,League 1,Cambridge Utd,Wigan,3.0,2.0,8.0,5.0,1.92,2.72,17.0,18.0,6.0,4.0,2.37,3.17,2.94,2.18,1.62,0.0,0.0,football-data
2026-08-14,2026-08-15,15:00,League 1,Huddersfield,AFC Wimbledon,3.0,0.0,4.0,5.0,1.04,0.44,10.0,10.0,3.0,1.0,1.61,4.05,4.95,1.69,2.07,1.0,0.0,football-data
2026-08-14,2026-08-15,15:00,League 1,Leyton Orient,Sheffield Wed,1.0,2.0,5.0,7.0,1.42,2.69,10.0,15.0,3.0,5.0,2.93,3.38,2.3,1.85,1.86,0.0,0.0,football-data
2026-08-14,2026-08-15,15:00,League 1,Mansfield,Doncaster,2.0,1.0,7.0,1.0,1.12,1.11,18.0,9.0,4.0,4.0,2.1,3.43,3.28,1.87,1.85,0.0,0.0,football-data
2026-08-14,2026-08-15,12:30,League 1,Notts County,Leicester,1.0,1.0,3.0,5.0,2.28,0.77,16.0,11.0,2.0,2.0,3.56,3.38,2.02,1.96,1.76,0.0,0.0,football-data
2026-08-14,2026-08-15,12:30,League 1,Oxford Utd,MK Dons,2.0,2.0,8.0,9.0,1.14,1.76,17.0,24.0,4.0,6.0,2.18,3.32,3.23,2.07,1.68,0.0,0.0,football-data
2026-08-14,2026-08-15,15:00,League 1,Plymouth,Stockport,1.0,3.0,5.0,3.0,1.49,1.92,15.0,9.0,4.0,4.0,2.13,3.56,3.1,1.67,2.1,0.0,0.0,football-data
2026-08-14,2026-08-15,12:30,League 1,Reading,Luton,3.0,4.0,5.0,2.0,1.77,1.6,17.0,12.0,5.0,5.0,3.15,3.41,2.16,1.83,1.89,0.0,0.0,football-data
2026-08-14,2026-08-15,15:00,League 2,Accrington,Colchester,2.0,2.0,9.0,4.0,2.13,0.72,20.0,7.0,11.0,5.0,2.48,3.22,2.76,2.03,1.71,0.0,0.0,football-data
2026-08-14,2026-08-15,15:00,League 2,Barnet,Salford,3.0,1.0,6.0,5.0,1.6,0.81,20.0,14.0,7.0,3.0,2.29,3.29,2.97,1.93,1.79,0.0,0.0,football-data
2026-08-14,2026-08-15,15:00,League 2,Cheltenham,Rotherham,2.0,1.0,5.0,4.0,0.64,1.74,6.0,19.0,4.0,5.0,2.67,3.35,2.49,1.88,1.84,0.0,0.0,football-data
2026-08-14,2026-08-15,15:00,League 2,Chesterfield,Fleetwood,0.0,1.0,5.0,1.0,1.71,0.77,15.0,14.0,3.0,7.0,1.82,3.5,4.2,1.95,1.77,0.0,0.0,football-data
2026-08-14,2026-08-15,15:00,League 2,Crawley,Crewe,0.0,1.0,4.0,11.0,0.82,2.3,9.0,18.0,3.0,4.0,2.52,3.3,2.67,1.91,1.81,2.0,1.0,football-data
2026-08-14,2026-08-15,15:00,League 2,Gillingham,Walsall,0.0,3.0,6.0,9.0,1.61,2.73,17.0,17.0,7.0,5.0,2.25,3.3,3.07,1.97,1.75,0.0,0.0,football-data
2026-08-14,2026-08-15,15:00,League 2,Grimsby,Exeter,1.0,0.0,6.0,3.0,1.83,0.72,21.0,8.0,4.0,2.0,1.77,3.68,4.24,1.82,1.89,0.0,0.0,football-data
2026-08-14,2026-08-15,12:30,League 2,Newport,Rochdale,3.0,0.0,9.0,6.0,1.47,0.13,12.0,5.0,6.0,0.0,3.01,3.32,2.27,1.97,1.75,0.0,1.0,football-data
2026-08-14,2026-08-15,15:00,League 2,Northampton,Swindon,0.0,0.0,10.0,1.0,0.89,0.21,11.0,4.0,3.0,0.0,2.09,3.38,3.31,1.88,1.82,0.0,0.0,football-data
2026-08-14,2026-08-15,12:30,League 2,Oldham,Port Vale,2.0,0.0,1.0,6.0,1.68,0.62,11.0,13.0,3.0,2.0,2.58,3.25,2.63,2.04,1.71,0.0,0.0,football-data
2026-08-14,2026-08-15,15:00,League 2,Tranmere,Shrewsbury,2.0,0.0,3.0,5.0,1.0,1.78,7.0,15.0,4.0,5.0,2.27,3.3,3.04,2.05,1.69,0.0,0.0,football-data
2026-08-14,2026-08-15,15:00,League 2,York,Bristol Rovers,3.0,2.0,7.0,6.0,1.83,1.89,16.0,13.0,5.0,3.0,2.19,3.23,3.19,2.03,1.71,0.0,0.0,football-data
2026-08-14,2026-08-16,16:00,Championship,Burnley,West Ham,2.0,2.0,5.0,6.0,2.33,1.33,18.0,11.0,6.0,2.0,2.88,3.55,2.27,1.69,2.08,0.0,0.0,football-data
2026-08-14,2026-08-16,13:30,Championship,Watford,Southampton,2.0,1.0,4.0,8.0,0.81,1.71,16.0,17.0,3.0,3.0,3.31,3.53,2.09,1.71,2.07,0.0,0.0,football-data
2026-08-14,2026-08-17,20:00,Championship,Cardiff,Wrexham,1.0,1.0,9.0,9.0,0.9,1.55,11.0,18.0,3.0,8.0,2.32,3.52,2.84,1.71,2.05,0.0,0.0,football-data
2026-08-20,2026-08-20,20:00,League 1,Sheffield Wed,Bradford,0.0,1.0,8.0,9.0,1.36,0.62,13.0,10.0,3.0,4.0,2.44,3.36,2.68,1.9,1.81,0.0,0.0,football-data
2026-08-20,2026-08-22,12:30,Championship,Birmingham,Bristol City,2.0,2.0,7.0,3.0,1.97,1.42,8.0,14.0,2.0,6.0,1.79,3.66,4.22,1.79,1.96,0.0,0.0,football-data
2026-08-20,2026-08-22,15:00,Championship,Blackburn,Middlesbrough,2.0,1.0,2.0,10.0,0.91,1.43,6.0,22.0,5.0,3.0,3.43,3.38,2.1,1.97,1.78,0.0,0.0,football-data
2026-08-20,2026-08-22,15:00,Championship,Derby,Cardiff,2.0,2.0,7.0,7.0,1.62,1.98,15.0,16.0,7.0,7.0,1.96,3.5,3.74,1.95,1.79,0.0,0.0,football-data
2026-08-20,2026-08-22,12:30,Championship,Lincoln,Portsmouth,1.0,3.0,8.0,3.0,2.33,1.21,15.0,13.0,4.0,7.0,2.38,3.38,2.87,1.92,1.82,0.0,0.0,football-data
2026-08-20,2026-08-22,12:30,Championship,Millwall,Norwich,3.0,0.0,8.0,3.0,2.7,1.02,19.0,8.0,7.0,2.0,2.2,3.4,3.17,1.9,1.83,0.0,1.0,football-data
2026-08-20,2026-08-22,15:00,Championship,Preston,Wolves,1.0,3.0,5.0,4.0,0.66,1.54,13.0,16.0,2.0,5.0,4.03,3.64,1.85,1.75,2.0,0.0,0.0,football-data
2026-08-20,2026-08-22,15:00,Championship,QPR,Bolton,0.0,0.0,9.0,2.0,1.81,0.19,18.0,2.0,10.0,0.0,1.9,3.63,3.82,1.87,1.86,0.0,0.0,football-data
2026-08-20,2026-08-22,15:00,Championship,Southampton,Stoke,3.0,1.0,4.0,2.0,2.32,0.93,18.0,15.0,5.0,2.0,1.59,4.1,5.11,1.66,2.13,0.0,1.0,football-data
2026-08-20,2026-08-22,15:00,Championship,Swansea,Sheffield Utd,0.0,0.0,6.0,3.0,0.57,1.46,9.0,12.0,1.0,2.0,2.35,3.39,2.9,1.83,1.91,0.0,0.0,football-data
2026-08-20,2026-08-22,15:00,Championship,West Ham,Charlton,1.0,2.0,7.0,4.0,2.84,0.62,25.0,7.0,9.0,5.0,1.37,4.81,7.93,1.66,2.14,0.0,0.0,football-data
2026-08-20,2026-08-22,15:00,Championship,Wrexham,Watford,1.0,1.0,10.0,3.0,1.92,0.65,12.0,10.0,2.0,6.0,1.91,3.55,3.87,1.83,1.91,0.0,0.0,football-data
2026-08-20,2026-08-22,15:00,League 1,AFC Wimbledon,Reading,0.0,0.0,7.0,7.0,0.33,0.9,4.0,12.0,2.0,3.0,2.54,3.32,2.63,1.98,1.76,0.0,0.0,football-data
2026-08-20,2026-08-22,15:00,League 1,Bromley,Cambridge Utd,1.0,1.0,2.0,5.0,0.61,0.76,8.0,11.0,3.0,6.0,2.67,3.27,2.54,1.99,1.75,0.0,0.0,football-data
2026-08-20,2026-08-22,12:30,League 1,Doncaster,Barnsley,0.0,0.0,4.0,4.0,1.38,0.44,12.0,13.0,3.0,1.0,1.97,3.62,3.46,1.69,2.08,0.0,0.0,football-data
2026-08-20,2026-08-22,15:00,League 1,Leicester,Burton,1.0,2.0,5.0,3.0,1.09,0.71,13.0,13.0,3.0,6.0,1.53,4.23,5.47,1.64,2.15,1.0,0.0,football-data
2026-08-20,2026-08-22,12:30,League 1,Luton,Notts County,2.0,2.0,8.0,3.0,1.93,0.79,14.0,6.0,4.0,4.0,1.6,4.0,5.04,1.7,2.06,0.0,0.0,football-data
2026-08-20,2026-08-22,15:00,League 1,MK Dons,Huddersfield,1.0,1.0,3.0,4.0,1.32,2.57,15.0,18.0,3.0,8.0,2.59,3.38,2.55,1.83,1.89,0.0,0.0,football-data
2026-08-20,2026-08-22,15:00,League 1,Peterborough,Mansfield,2.0,1.0,6.0,3.0,1.49,1.37,15.0,10.0,5.0,4.0,2.72,3.58,2.36,1.6,2.22,0.0,0.0,football-data
2026-08-20,2026-08-22,15:00,League 1,Stevenage,Oxford Utd,1.0,2.0,6.0,6.0,0.99,1.24,14.0,12.0,3.0,5.0,2.35,3.18,2.98,2.06,1.7,0.0,0.0,football-data
2026-08-20,2026-08-22,15:00,League 1,Stockport,Blackpool,1.0,2.0,14.0,2.0,2.92,1.68,28.0,10.0,9.0,3.0,1.58,3.94,5.42,1.75,1.99,0.0,0.0,football-data
2026-08-20,2026-08-22,15:00,League 1,Wigan,Leyton Orient,0.0,2.0,4.0,3.0,1.36,0.94,16.0,9.0,2.0,3.0,2.21,3.22,3.23,2.1,1.67,0.0,0.0,football-data
2026-08-20,2026-08-22,15:00,League 1,Wycombe,Plymouth,1.0,1.0,5.0,5.0,1.89,0.77,14.0,12.0,5.0,3.0,2.45,3.44,2.67,1.76,1.97,0.0,0.0,football-data
2026-08-20,2026-08-22,12:30,League 2,Bristol Rovers,Newport,5.0,3.0,11.0,1.0,4.28,0.47,26.0,8.0,9.0,3.0,1.63,3.85,4.96,1.77,1.96,0.0,0.0,football-data
2026-08-20,2026-08-22,15:00,League 2,Colchester,Oldham,2.0,1.0,8.0,2.0,2.19,0.19,17.0,6.0,5.0,2.0,2.47,3.38,2.68,1.86,1.85,0.0,1.0,football-data
2026-08-20,2026-08-22,15:00,League 2,Crewe,Northampton,1.0,0.0,7.0,6.0,0.5,0.68,6.0,15.0,3.0,6.0,2.13,3.41,3.17,1.95,1.77,0.0,0.0,football-data
2026-08-20,2026-08-22,15:00,League 2,Exeter,Accrington,2.0,0.0,9.0,1.0,2.09,0.93,19.0,14.0,5.0,2.0,1.95,3.44,3.69,1.89,1.82,0.0,0.0,football-data
2026-08-20,2026-08-22,15:00,League 2,Fleetwood,Gillingham,0.0,0.0,10.0,2.0,0.8,1.07,17.0,9.0,0.0,3.0,1.88,3.52,3.87,1.89,1.83,0.0,0.0,football-data
2026-08-20,2026-08-22,15:00,League 2,Port Vale,Tranmere,1.0,1.0,4.0,3.0,1.64,0.73,9.0,6.0,4.0,4.0,1.74,3.53,4.67,2.03,1.71,0.0,0.0,football-data
2026-08-20,2026-08-22,15:00,League 2,Rochdale,Crawley,1.0,2.0,5.0,3.0,0.79,2.01,7.0,12.0,3.0,2.0,1.95,3.5,3.63,1.81,1.91,0.0,0.0,football-data
2026-08-20,2026-08-22,15:00,League 2,Rotherham,York,1.0,1.0,5.0,9.0,0.82,2.58,10.0,17.0,2.0,5.0,2.41,3.34,2.77,1.86,1.85,0.0,0.0,football-data
2026-08-20,2026-08-22,12:30,League 2,Salford,Chesterfield,0.0,1.0,5.0,1.0,0.53,1.89,10.0,14.0,3.0,3.0,2.03,3.31,3.55,2.01,1.73,0.0,0.0,football-data
2026-08-20,2026-08-22,15:00,League 2,Shrewsbury,Barnet,1.0,3.0,7.0,9.0,1.31,0.97,10.0,15.0,1.0,3.0,3.83,3.45,1.91,1.9,1.81,0.0,0.0,football-data
2026-08-20,2026-08-22,15:00,League 2,Swindon,Cheltenham,2.0,1.0,2.0,5.0,1.01,1.02,5.0,14.0,3.0,6.0,1.8,3.63,4.11,1.77,1.95,0.0,0.0,football-data
2026-08-20,2026-08-22,12:30,League 2,Walsall,Grimsby,0.0,0.0,8.0,7.0,1.33,0.85,16.0,13.0,2.0,1.0,2.73,3.26,2.49,2.03,1.71,0.0,0.0,football-data
2026-08-20,2026-08-23,12:00,Championship,West Brom,Burnley,3.0,1.0,3.0,5.0,1.63,1.18,11.0,11.0,7.0,3.0,2.75,3.29,2.51,2.03,1.73,0.0,0.0,football-data
2026-08-28,2026-08-28,20:00,Championship,Wrexham,Birmingham,1.0,2.0,3.0,6.0,1.42,1.63,9.0,9.0,4.0,4.0,2.2,3.36,3.24,1.98,1.77,0.0,0.0,football-data
2026-08-28,2026-08-29,15:00,Championship,Blackburn,QPR,1.0,2.0,3.0,3.0,0.92,1.34,12.0,19.0,2.0,6.0,2.48,3.29,2.78,1.99,1.76,0.0,0.0,football-data
2026-08-28,2026-08-29,15:00,Championship,Bolton,Lincoln,0.0,1.0,14.0,2.0,1.61,1.08,21.0,8.0,6.0,2.0,2.42,3.3,2.87,2.0,1.76,0.0,0.0,football-data
2026-08-28,2026-08-29,15:00,Championship,Bristol City,Portsmouth,2.0,1.0,3.0,10.0,0.61,1.37,9.0,14.0,3.0,1.0,2.15,3.34,3.3,2.03,1.73,0.0,0.0,football-data
2026-08-28,2026-08-29,15:00,Championship,Cardiff,Sheffield Utd,2.0,2.0,13.0,2.0,1.84,1.53,28.0,6.0,10.0,4.0,2.55,3.53,2.57,1.7,2.07,0.0,0.0,football-data
2026-08-28,2026-08-29,15:00,Championship,Charlton,Preston,1.0,0.0,7.0,4.0,0.87,0.91,15.0,12.0,2.0,1.0,2.09,3.28,3.55,2.09,1.69,0.0,0.0,football-data
2026-08-28,2026-08-29,12:30,Championship,Derby,Swansea,0.0,3.0,5.0,6.0,0.7,3.0,8.0,23.0,0.0,12.0,2.28,3.29,3.1,2.06,1.71,0.0,0.0,football-data
2026-08-28,2026-08-29,12:30,Championship,Middlesbrough,West Brom,3.0,1.0,7.0,6.0,2.46,1.4,15.0,12.0,6.0,4.0,1.74,3.76,4.5,1.81,1.93,0.0,0.0,football-data
2026-08-28,2026-08-29,15:00,Championship,Norwich,Burnley,4.0,1.0,3.0,5.0,1.92,0.95,20.0,16.0,6.0,4.0,2.24,3.52,3.0,1.76,1.98,0.0,1.0,football-data
2026-08-28,2026-08-29,15:00,Championship,Southampton,Millwall,5.0,1.0,8.0,11.0,3.21,1.1,21.0,15.0,7.0,5.0,1.96,3.58,3.62,1.79,1.96,0.0,0.0,football-data
2026-08-28,2026-08-29,15:00,Championship,Watford,West Ham,1.0,1.0,3.0,11.0,1.6,0.89,16.0,13.0,5.0,1.0,3.8,3.78,1.86,1.6,2.23,0.0,0.0,football-data
2026-08-28,2026-08-29,12:30,Championship,Wolves,Stoke,4.0,1.0,7.0,1.0,2.64,0.88,18.0,10.0,8.0,3.0,1.5,4.3,6.11,1.69,2.09,0.0,0.0,football-data
2026-08-28,2026-08-29,12:30,League 1,Blackpool,Peterborough,4.0,0.0,3.0,5.0,2.73,1.71,17.0,15.0,11.0,6.0,1.77,3.88,3.97,1.6,2.23,0.0,0.0,football-data
2026-08-28,2026-08-29,15:00,League 1,Cambridge Utd,Huddersfield,1.0,2.0,4.0,3.0,1.22,1.12,11.0,6.0,4.0,4.0,2.81,3.4,2.35,1.76,1.98,0.0,0.0,football-data
2026-08-28,2026-08-29,15:00,League 1,Leyton Orient,Barnsley,1.0,3.0,4.0,9.0,0.74,1.98,7.0,16.0,3.0,7.0,2.22,3.51,2.95,1.76,1.97,0.0,0.0,football-data
2026-08-28,2026-08-29,12:30,League 1,MK Dons,Leicester,0.0,0.0,4.0,9.0,0.57,1.53,7.0,24.0,1.0,7.0,2.73,3.47,2.38,1.72,2.02,0.0,0.0,football-data
2026-08-28,2026-08-29,15:00,League 1,Notts County,Burton,2.0,1.0,7.0,1.0,2.29,0.11,20.0,2.0,8.0,1.0,2.26,3.33,3.02,1.94,1.79,0.0,1.0,football-data
2026-08-28,2026-08-29,15:00,League 1,Plymouth,Bradford,2.0,0.0,8.0,6.0,1.16,0.9,14.0,4.0,3.0,0.0,2.17,3.48,3.06,1.75,1.99,0.0,0.0,football-data
2026-08-28,2026-08-29,15:00,League 1,Sheffield Wed,Bromley,7.0,2.0,5.0,3.0,4.52,1.5,29.0,7.0,15.0,2.0,1.83,3.62,4.04,1.81,1.92,0.0,0.0,football-data
2026-08-28,2026-08-29,15:00,League 1,Stevenage,Doncaster,2.0,2.0,9.0,9.0,0.47,0.65,9.0,12.0,5.0,4.0,2.24,3.23,3.16,2.05,1.7,0.0,0.0,football-data
2026-08-28,2026-08-29,15:00,League 1,Stockport,Wycombe,5.0,1.0,6.0,5.0,1.33,0.94,17.0,7.0,7.0,5.0,1.88,3.58,3.83,1.78,1.95,0.0,0.0,football-data
2026-08-28,2026-08-29,12:30,League 2,Barnet,Cheltenham,2.0,2.0,11.0,4.0,1.92,1.55,14.0,9.0,3.0,5.0,1.59,3.85,5.42,1.78,1.96,0.0,0.0,football-data
2026-08-28,2026-08-29,15:00,League 2,Colchester,Rochdale,1.0,0.0,5.0,3.0,1.31,0.66,11.0,11.0,5.0,4.0,2.23,3.36,3.05,1.93,1.8,0.0,0.0,football-data
2026-08-28,2026-08-29,15:00,League 2,Crawley,Bristol Rovers,0.0,2.0,2.0,4.0,0.74,2.63,8.0,27.0,1.0,5.0,3.26,3.37,2.13,1.87,1.84,0.0,0.0,football-data
2026-08-28,2026-08-29,15:00,League 2,Gillingham,Northampton,1.0,1.0,4.0,4.0,0.88,0.3,11.0,5.0,3.0,1.0,2.56,3.28,2.62,1.97,1.75,0.0,0.0,football-data
2026-08-28,2026-08-29,15:00,League 2,Grimsby,Fleetwood,2.0,2.0,7.0,5.0,2.96,1.2,15.0,11.0,5.0,4.0,1.86,3.46,4.07,1.95,1.77,0.0,0.0,football-data
2026-08-28,2026-08-29,15:00,League 2,Newport,Tranmere,2.0,2.0,4.0,6.0,1.06,0.93,11.0,15.0,4.0,5.0,2.56,3.18,2.69,2.06,1.69,0.0,0.0,football-data
2026-08-28,2026-08-29,15:00,League 2,Oldham,Swindon,3.0,0.0,14.0,4.0,2.66,0.15,26.0,3.0,9.0,1.0,1.91,3.54,3.72,1.86,1.85,0.0,0.0,football-data
2026-08-28,2026-08-29,12:30,League 2,Port Vale,Crewe,0.0,0.0,3.0,1.0,1.03,0.96,11.0,14.0,4.0,3.0,2.18,3.4,3.11,1.85,1.86,0.0,0.0,football-data
2026-08-28,2026-08-29,13:00,League 2,Rotherham,Chesterfield,2.0,1.0,2.0,0.0,2.75,1.06,13.0,7.0,4.0,2.0,2.88,3.36,2.32,1.91,1.81,0.0,0.0,football-data
2026-08-28,2026-08-29,15:00,League 2,Shrewsbury,Salford,1.0,0.0,5.0,3.0,0.87,0.77,9.0,13.0,2.0,1.0,3.73,3.48,1.93,1.95,1.77,0.0,0.0,football-data
2026-08-28,2026-08-29,15:00,League 2,Walsall,Accrington,3.0,2.0,4.0,4.0,1.99,2.33,16.0,22.0,5.0,6.0,1.85,3.47,4.05,1.99,1.74,0.0,0.0,football-data
2026-08-28,2026-08-29,15:00,League 2,York,Exeter,2.0,1.0,7.0,5.0,1.35,0.92,11.0,8.0,8.0,2.0,1.68,3.83,4.63,1.79,1.93,0.0,0.0,football-data
2026-08-28,2026-08-30,14:00,League 1,AFC Wimbledon,Wigan,1.0,0.0,5.0,9.0,0.71,2.99,13.0,16.0,2.0,5.0,3.08,3.25,2.24,2.04,1.71,0.0,0.0,football-data
2026-08-28,2026-08-30,15:00,League 1,Mansfield,Luton,5.0,2.0,4.0,7.0,1.37,1.34,21.0,12.0,6.0,4.0,2.77,3.58,2.27,1.59,2.23,0.0,0.0,football-data
2026-09-01,2026-09-01,20:00,Championship,Birmingham,Southampton,1.0,1.0,3.0,5.0,1.55,1.02,16.0,13.0,4.0,4.0,2.5,3.44,2.69,1.75,2.0,0.0,0.0,football-data
2026-09-01,2026-09-01,19:45,Championship,Lincoln,Blackburn,0.0,0.0,5.0,7.0,1.46,0.24,18.0,8.0,1.0,2.0,2.25,3.39,3.09,1.87,1.87,0.0,1.0,football-data
2026-09-01,2026-09-01,19:45,Championship,Portsmouth,Derby,0.0,2.0,11.0,2.0,0.84,0.54,21.0,8.0,3.0,5.0,1.96,3.48,3.79,1.96,1.78,0.0,0.0,football-data
2026-09-01,2026-09-01,19:45,Championship,Preston,Bristol City,1.0,3.0,5.0,2.0,1.91,1.86,18.0,12.0,4.0,7.0,2.78,3.4,2.46,1.87,1.87,0.0,0.0,football-data
2026-09-01,2026-09-01,19:45,Championship,Sheffield Utd,Bolton,3.0,2.0,5.0,5.0,2.21,1.91,13.0,18.0,5.0,6.0,1.63,3.98,5.1,1.73,2.03,0.0,0.0,football-data
2026-09-01,2026-09-01,20:00,Championship,Stoke,Norwich,1.0,0.0,3.0,5.0,0.2,1.19,6.0,15.0,2.0,6.0,3.31,3.53,2.1,1.77,1.97,0.0,0.0,football-data
2026-09-01,2026-09-01,19:45,Championship,Swansea,Watford,2.0,0.0,5.0,3.0,2.72,0.88,18.0,9.0,8.0,3.0,1.83,3.65,4.08,1.84,1.9,0.0,0.0,football-data
2026-09-01,2026-09-01,19:45,Championship,West Ham,Wolves,4.0,2.0,6.0,7.0,2.05,0.94,12.0,18.0,6.0,3.0,2.04,3.65,3.33,1.65,2.17,0.0,0.0,football-data
2026-09-01,2026-09-01,19:45,League 1,Bradford,Cambridge Utd,1.0,2.0,12.0,3.0,2.18,0.44,20.0,6.0,5.0,2.0,1.76,3.57,4.47,1.91,1.8,0.0,0.0,football-data
2026-09-01,2026-09-01,19:45,League 1,Bromley,Leyton Orient,0.0,5.0,2.0,4.0,0.63,1.67,8.0,19.0,2.0,11.0,2.52,3.36,2.63,1.85,1.85,0.0,0.0,football-data
2026-09-01,2026-09-01,19:45,League 1,Doncaster,Notts County,1.0,1.0,4.0,6.0,1.12,0.86,14.0,14.0,2.0,3.0,2.2,3.42,3.08,1.87,1.84,0.0,0.0,football-data
2026-09-01,2026-09-01,19:45,League 1,Huddersfield,Oxford Utd,3.0,1.0,5.0,0.0,3.62,1.01,24.0,5.0,11.0,2.0,1.72,3.82,4.34,1.69,2.06,0.0,0.0,football-data
2026-09-01,2026-09-01,19:45,League 1,Leicester,Plymouth,2.0,0.0,5.0,9.0,1.77,1.13,18.0,13.0,5.0,4.0,1.91,3.72,3.55,1.62,2.18,0.0,0.0,football-data
2026-09-01,2026-09-01,19:45,League 1,Peterborough,Stevenage,0.0,0.0,3.0,3.0,0.91,0.47,9.0,11.0,0.0,4.0,2.45,3.3,2.75,1.92,1.81,0.0,0.0,football-data
2026-09-01,2026-09-01,19:45,League 1,Wycombe,Sheffield Wed,1.0,2.0,6.0,6.0,1.02,2.55,14.0,16.0,6.0,7.0,2.56,3.56,2.48,1.65,2.12,0.0,0.0,football-data
2026-09-01,2026-09-01,19:45,League 2,Accrington,Grimsby,2.0,2.0,2.0,8.0,1.93,2.19,12.0,19.0,5.0,7.0,3.52,3.54,1.98,1.84,1.87,0.0,0.0,football-data
2026-09-01,2026-09-01,19:45,League 2,Bristol Rovers,Colchester,2.0,0.0,3.0,2.0,3.19,0.8,24.0,13.0,8.0,1.0,1.8,3.71,3.98,1.74,1.99,0.0,0.0,football-data
2026-09-01,2026-09-01,19:45,League 2,Cheltenham,York,3.0,2.0,4.0,4.0,1.4,2.44,13.0,20.0,5.0,5.0,3.75,3.64,1.88,1.76,1.97,0.0,0.0,football-data
2026-09-01,2026-09-01,19:45,League 2,Chesterfield,Gillingham,1.0,1.0,8.0,2.0,1.66,0.67,24.0,7.0,10.0,1.0,1.56,3.86,5.63,1.92,1.8,0.0,0.0,football-data
2026-09-01,2026-09-01,19:45,League 2,Crewe,Walsall,2.0,2.0,9.0,4.0,1.73,1.72,20.0,14.0,5.0,4.0,2.22,3.49,2.98,1.76,1.96,0.0,0.0,football-data
2026-09-01,2026-09-01,19:45,League 2,Exeter,Barnet,1.0,1.0,1.0,2.0,0.86,0.78,9.0,10.0,5.0,4.0,3.56,3.71,1.92,1.65,2.12,0.0,0.0,football-data
2026-09-01,2026-09-01,19:45,League 2,Fleetwood,Oldham,1.0,1.0,7.0,4.0,0.9,1.29,16.0,12.0,3.0,3.0,2.53,3.35,2.64,1.92,1.8,0.0,0.0,football-data
2026-09-01,2026-09-01,19:45,League 2,Northampton,Crawley,1.0,1.0,4.0,4.0,0.51,2.42,8.0,22.0,3.0,5.0,1.73,3.75,4.38,1.8,1.93,1.0,0.0,football-data
2026-09-01,2026-09-01,19:45,League 2,Rochdale,Shrewsbury,3.0,0.0,1.0,3.0,0.66,1.31,7.0,16.0,3.0,5.0,2.18,3.43,3.1,1.86,1.85,0.0,0.0,football-data
2026-09-01,2026-09-01,19:45,League 2,Salford,Newport,2.0,1.0,10.0,0.0,2.3,0.28,32.0,4.0,7.0,2.0,1.5,4.31,5.63,1.59,2.23,0.0,0.0,football-data
2026-09-01,2026-09-01,19:45,League 2,Swindon,Port Vale,3.0,1.0,10.0,4.0,2.8,1.02,14.0,8.0,6.0,2.0,3.1,3.49,2.15,1.81,1.91,0.0,0.0,football-data
2026-09-01,2026-09-01,19:45,League 2,Tranmere,Rotherham,2.0,2.0,2.0,4.0,0.71,1.83,12.0,14.0,4.0,3.0,2.23,3.34,3.07,2.01,1.73,1.0,0.0,football-data
2026-09-01,2026-09-02,20:00,Championship,Burnley,Middlesbrough,1.0,1.0,5.0,1.0,0.63,1.23,11.0,10.0,3.0,2.0,2.75,3.5,2.4,1.74,2.02,0.0,0.0,football-data
2026-09-01,2026-09-02,19:45,Championship,Millwall,Wrexham,0.0,3.0,1.0,2.0,0.23,0.88,4.0,9.0,0.0,3.0,2.24,3.35,3.15,1.9,1.83,0.0,0.0,football-data
2026-09-01,2026-09-02,19:45,Championship,QPR,Cardiff,2.0,1.0,3.0,4.0,2.75,0.57,20.0,9.0,4.0,3.0,1.92,3.77,3.6,1.68,2.11,0.0,0.0,football-data
2026-09-01,2026-09-02,19:45,Championship,West Brom,Charlton,1.0,1.0,8.0,3.0,0.57,0.4,15.0,4.0,3.0,1.0,1.76,3.6,4.58,2.03,1.73,0.0,0.0,football-data
2026-09-01,2026-09-02,19:45,League 1,Barnsley,Blackpool,2.0,1.0,13.0,4.0,1.97,2.32,24.0,18.0,6.0,4.0,2.2,3.54,2.97,1.68,2.08,0.0,0.0,football-data
2026-09-01,2026-09-02,19:45,League 1,Burton,AFC Wimbledon,4.0,1.0,4.0,7.0,0.93,1.43,10.0,19.0,5.0,4.0,1.97,3.38,3.73,2.0,1.73,0.0,0.0,football-data
2026-09-01,2026-09-02,19:45,League 1,Luton,Stockport,2.0,0.0,2.0,8.0,1.4,0.85,7.0,11.0,5.0,2.0,2.16,3.62,2.99,1.67,2.1,0.0,0.0,football-data
2026-09-01,2026-09-02,20:00,League 1,Reading,Mansfield,5.0,0.0,5.0,2.0,2.68,1.38,20.0,11.0,7.0,5.0,2.01,3.58,3.36,1.74,2.01,0.0,0.0,football-data
2026-09-01,2026-09-02,19:45,League 1,Wigan,MK Dons,3.0,1.0,5.0,5.0,2.35,2.81,19.0,18.0,6.0,4.0,2.4,3.3,2.84,1.98,1.76,0.0,0.0,football-data
2026-09-05,2026-09-05,15:00,Championship,Burnley,Bristol City,1.0,2.0,5.0,8.0,0.26,1.06,8.0,15.0,2.0,4.0,1.87,3.63,3.93,1.8,1.95,0.0,0.0,football-data
2026-09-05,2026-09-05,12:30,Championship,Lincoln,Southampton,1.0,1.0,4.0,6.0,1.92,0.67,19.0,16.0,5.0,4.0,4.06,3.83,1.79,1.68,2.11,0.0,0.0,football-data
2026-09-05,2026-09-05,15:00,Championship,Millwall,Bolton,4.0,0.0,3.0,9.0,2.63,1.15,12.0,13.0,5.0,4.0,1.89,3.38,4.19,2.0,1.75,1.0,1.0,football-data
2026-09-05,2026-09-05,15:00,Championship,Portsmouth,Cardiff,2.0,0.0,5.0,7.0,2.07,1.38,15.0,16.0,5.0,5.0,2.36,3.5,2.81,1.7,2.07,0.0,0.0,football-data
2026-09-05,2026-09-05,12:30,Championship,Preston,Blackburn,2.0,1.0,3.0,11.0,2.19,1.09,8.0,12.0,3.0,5.0,2.37,3.32,2.93,1.96,1.79,0.0,0.0,football-data
2026-09-05,2026-09-05,15:00,Championship,QPR,Middlesbrough,0.0,1.0,12.0,3.0,1.03,2.53,16.0,16.0,5.0,6.0,3.14,3.52,2.17,1.73,2.03,0.0,0.0,football-data
2026-09-05,2026-09-05,15:00,Championship,Sheffield Utd,Norwich,1.0,3.0,7.0,4.0,0.79,3.04,11.0,19.0,4.0,8.0,2.53,3.47,2.64,1.77,1.97,0.0,0.0,football-data
2026-09-05,2026-09-05,12:30,Championship,Stoke,Charlton,4.0,0.0,5.0,3.0,2.14,0.61,17.0,13.0,8.0,3.0,2.11,3.29,3.49,2.08,1.7,0.0,1.0,football-data
2026-09-05,2026-09-05,20:00,Championship,Swansea,Wrexham,0.0,0.0,5.0,2.0,0.74,0.67,6.0,8.0,3.0,1.0,2.17,3.37,3.27,1.93,1.81,0.0,0.0,football-data
2026-09-05,2026-09-05,15:00,Championship,West Brom,Watford,1.0,0.0,5.0,4.0,1.14,1.26,9.0,11.0,4.0,2.0,1.86,3.56,4.07,1.85,1.88,0.0,0.0,football-data
2026-09-05,2026-09-05,15:00,Championship,West Ham,Derby,3.0,0.0,5.0,6.0,3.8,0.1,20.0,4.0,7.0,0.0,1.36,4.85,8.01,1.67,2.12,0.0,0.0,football-data
2026-09-05,2026-09-05,15:00,League 1,Barnsley,Stevenage,1.0,5.0,7.0,3.0,1.83,1.93,17.0,10.0,4.0,5.0,2.1,3.33,3.35,1.93,1.8,0.0,0.0,football-data
2026-09-05,2026-09-05,15:00,League 1,Bradford,Mansfield,1.0,0.0,4.0,3.0,1.03,0.48,9.0,8.0,7.0,2.0,1.86,3.55,3.96,1.82,1.91,0.0,0.0,football-data
2026-09-05,2026-09-05,15:00,League 1,Burton,Cambridge Utd,2.0,2.0,2.0,7.0,2.31,0.9,13.0,10.0,3.0,3.0,2.66,3.27,2.55,2.03,1.72,0.0,0.0,football-data
2026-09-05,2026-09-05,15:00,League 1,Doncaster,Plymouth,2.0,3.0,7.0,3.0,2.33,2.61,17.0,17.0,3.0,9.0,2.38,3.51,2.71,1.73,2.01,0.0,0.0,football-data
2026-09-05,2026-09-05,15:00,League 1,Huddersfield,Notts County,1.0,1.0,9.0,6.0,1.41,1.24,18.0,9.0,7.0,3.0,1.65,3.86,4.77,1.79,1.94,0.0,0.0,football-data
2026-09-05,2026-09-05,15:00,League 1,Leicester,Oxford Utd,0.0,4.0,10.0,5.0,1.03,2.31,14.0,12.0,5.0,6.0,1.68,3.82,4.56,1.76,1.98,0.0,0.0,football-data
2026-09-05,2026-09-05,15:00,League 1,Luton,Leyton Orient,1.0,1.0,7.0,2.0,2.21,0.56,23.0,7.0,7.0,3.0,1.66,4.02,4.5,1.58,2.26,0.0,0.0,football-data
2026-09-05,2026-09-05,12:30,League 1,Peterborough,Sheffield Wed,1.0,2.0,4.0,9.0,2.25,0.96,20.0,13.0,3.0,5.0,3.01,3.73,2.12,1.52,2.39,0.0,0.0,football-data
2026-09-05,2026-09-05,15:00,League 1,Reading,Blackpool,3.0,1.0,6.0,3.0,3.5,0.51,19.0,8.0,6.0,1.0,1.97,3.56,3.47,1.75,1.98,0.0,0.0,football-data
2026-09-05,2026-09-05,12:30,League 1,Wigan,Stockport,0.0,4.0,6.0,5.0,0.73,2.15,9.0,16.0,1.0,8.0,2.99,3.5,2.21,1.71,2.03,0.0,0.0,football-data
2026-09-05,2026-09-05,15:00,League 1,Wycombe,MK Dons,3.0,3.0,5.0,5.0,0.89,1.65,9.0,12.0,7.0,5.0,2.27,3.5,2.88,1.74,2.0,0.0,0.0,football-data
2026-09-05,2026-09-05,15:00,League 2,Accrington,Crawley,3.0,2.0,1.0,4.0,1.84,1.09,10.0,15.0,4.0,5.0,1.99,3.54,3.43,1.73,2.0,0.0,0.0,football-data
2026-09-05,2026-09-05,15:00,League 2,Bristol Rovers,Rotherham,1.0,0.0,10.0,4.0,1.12,1.02,12.0,7.0,5.0,2.0,1.7,3.93,4.24,1.6,2.22,0.0,0.0,football-data
2026-09-05,2026-09-05,15:00,League 2,Cheltenham,Grimsby,2.0,2.0,3.0,7.0,1.24,1.41,8.0,12.0,4.0,5.0,3.48,3.57,1.97,1.72,2.02,0.0,0.0,football-data
2026-09-05,2026-09-05,15:00,League 2,Chesterfield,Barnet,3.0,3.0,4.0,8.0,2.08,2.36,15.0,23.0,7.0,6.0,2.1,3.59,3.12,1.72,2.02,0.0,0.0,football-data
2026-09-05,2026-09-05,15:00,League 2,Crewe,York,1.0,1.0,5.0,9.0,1.03,3.02,17.0,27.0,6.0,6.0,2.79,3.35,2.4,1.82,1.89,0.0,0.0,football-data
2026-09-05,2026-09-05,15:00,League 2,Exeter,Walsall,0.0,0.0,4.0,8.0,1.32,0.38,13.0,8.0,3.0,2.0,2.45,3.41,2.68,1.78,1.94,0.0,0.0,football-data
2026-09-05,2026-09-05,12:30,League 2,Fleetwood,Shrewsbury,2.0,0.0,3.0,4.0,0.81,0.7,10.0,10.0,3.0,1.0,1.9,3.45,3.87,1.99,1.74,0.0,0.0,football-data
2026-09-05,2026-09-05,15:00,League 2,Northampton,Newport,1.0,0.0,2.0,0.0,0.32,0.37,8.0,4.0,4.0,2.0,1.73,3.62,4.57,1.97,1.76,0.0,0.0,football-data
2026-09-05,2026-09-05,15:00,League 2,Rochdale,Gillingham,1.0,4.0,6.0,6.0,0.79,1.95,7.0,16.0,4.0,6.0,2.08,3.34,3.39,2.01,1.72,1.0,0.0,football-data
2026-09-05,2026-09-05,12:30,League 2,Salford,Port Vale,1.0,0.0,6.0,6.0,0.36,0.53,8.0,13.0,2.0,3.0,1.82,3.56,4.1,1.87,1.85,0.0,0.0,football-data
2026-09-05,2026-09-05,15:00,League 2,Swindon,Colchester,3.0,1.0,4.0,6.0,2.15,1.42,14.0,18.0,6.0,6.0,2.5,3.39,2.63,1.8,1.93,0.0,0.0,football-data
2026-09-05,2026-09-05,15:00,League 2,Tranmere,Oldham,2.0,0.0,2.0,10.0,1.96,1.93,9.0,22.0,4.0,6.0,2.97,3.28,2.31,1.97,1.76,0.0,0.0,football-data
2026-09-06,2026-09-06,12:00,Championship,Birmingham,Wolves,2.0,2.0,8.0,4.0,1.39,2.47,15.0,10.0,5.0,4.0,2.87,3.24,2.41,2.06,1.71,0.0,0.0,football-data
2026-09-06,2026-09-07,20:00,League 1,Bromley,AFC Wimbledon,0.0,2.0,4.0,4.0,0.61,1.1,9.0,9.0,2.0,4.0,2.32,3.37,2.83,1.9,1.82,0.0,0.0,football-data
2026-09-06,2026-09-08,19:45,Championship,Blackburn,Sheffield Utd,1.0,2.0,7.0,3.0,1.62,0.66,19.0,7.0,5.0,4.0,2.98,3.42,2.31,1.82,1.92,0.0,0.0,football-data
2026-09-06,2026-09-08,20:00,Championship,Bolton,West Ham,2.0,3.0,4.0,4.0,1.56,2.21,13.0,11.0,6.0,7.0,5.03,4.2,1.59,1.54,2.38,0.0,0.0,football-data
2026-09-06,2026-09-08,19:45,Championship,Cardiff,Stoke,1.0,1.0,7.0,5.0,3.61,1.11,26.0,12.0,7.0,4.0,2.03,3.68,3.35,1.59,2.28,0.0,0.0,football-data
2026-09-06,2026-09-08,19:45,Championship,Southampton,Swansea,3.0,1.0,9.0,3.0,1.19,1.22,16.0,10.0,4.0,2.0,1.82,3.75,4.03,1.73,2.04,0.0,0.0,football-data
2026-09-06,2026-09-08,19:45,Championship,Watford,Preston,2.0,1.0,2.0,4.0,1.26,2.44,15.0,18.0,5.0,6.0,2.09,3.44,3.42,1.86,1.88,0.0,0.0,football-data
2026-09-06,2026-09-08,19:45,Championship,Wrexham,Burnley,1.0,1.0,4.0,4.0,1.35,1.5,15.0,19.0,5.0,4.0,2.02,3.52,3.53,1.83,1.92,0.0,0.0,football-data
2026-09-09,2026-09-09,20:00,Championship,Charlton,QPR,0.0,0.0,5.0,12.0,0.48,1.1,9.0,15.0,0.0,2.0,3.09,3.35,2.26,1.91,1.82,0.0,0.0,football-data
2026-09-09,2026-09-09,19:45,Championship,Derby,West Brom,0.0,1.0,11.0,3.0,1.28,0.38,13.0,4.0,3.0,1.0,2.93,3.37,2.34,1.88,1.85,0.0,1.0,football-data
2026-09-09,2026-09-09,19:45,Championship,Norwich,Birmingham,2.0,1.0,6.0,7.0,1.01,1.62,15.0,14.0,6.0,3.0,1.9,3.63,3.77,1.73,2.03,0.0,0.0,football-data
2026-09-09,2026-09-10,20:00,League 1,Stevenage,Luton,2.0,1.0,2.0,4.0,1.28,0.83,9.0,10.0,3.0,2.0,2.99,3.36,2.22,1.94,1.79,0.0,0.0,football-data
2026-09-09,2026-09-11,20:00,Championship,West Ham,Wrexham,6.0,0.0,3.0,6.0,2.97,0.44,19.0,8.0,9.0,1.0,1.57,4.21,5.36,1.62,2.22,0.0,0.0,football-data
2026-09-12,2026-09-12,15:00,Championship,Blackburn,Millwall,3.0,1.0,6.0,2.0,1.23,1.66,18.0,16.0,4.0,2.0,2.71,3.37,2.51,1.84,1.9,0.0,0.0,football-data
2026-09-12,2026-09-12,12:30,Championship,Bolton,Cardiff,1.0,0.0,2.0,10.0,0.49,1.78,7.0,17.0,5.0,10.0,2.53,3.63,2.53,1.58,2.28,0.0,0.0,football-data
2026-09-12,2026-09-12,15:00,Championship,Charlton,Portsmouth,0.0,0.0,7.0,5.0,0.82,0.39,10.0,9.0,3.0,3.0,2.72,3.19,2.6,2.13,1.66,0.0,0.0,football-data
2026-09-12,2026-09-12,12:30,Championship,Derby,Birmingham,1.0,2.0,10.0,4.0,1.12,3.17,18.0,19.0,4.0,9.0,3.33,3.28,2.17,2.05,1.72,0.0,0.0,football-data
2026-09-12,2026-09-12,15:00,Championship,Middlesbrough,Norwich,4.0,3.0,3.0,5.0,2.07,1.62,17.0,13.0,6.0,5.0,1.85,3.91,3.72,1.53,2.38,0.0,0.0,football-data
2026-09-12,2026-09-12,15:00,Championship,Preston,Lincoln,0.0,1.0,16.0,3.0,0.59,0.66,11.0,9.0,3.0,3.0,2.3,3.47,2.93,1.81,1.93,0.0,0.0,football-data
2026-09-12,2026-09-12,15:00,Championship,Southampton,Bristol City,4.0,1.0,2.0,5.0,1.71,2.24,10.0,21.0,5.0,6.0,1.66,4.02,4.64,1.56,2.33,0.0,0.0,football-data
2026-09-12,2026-09-12,15:00,Championship,Swansea,Burnley,3.0,1.0,3.0,6.0,2.63,1.72,13.0,18.0,6.0,6.0,2.14,3.47,3.23,1.82,1.91,0.0,0.0,football-data
2026-09-12,2026-09-12,15:00,Championship,Watford,Stoke,1.0,2.0,5.0,8.0,0.39,1.5,6.0,18.0,2.0,6.0,2.34,3.38,2.94,1.86,1.86,0.0,0.0,football-data
2026-09-12,2026-09-12,12:30,Championship,West Brom,QPR,1.0,1.0,5.0,3.0,1.22,0.63,12.0,4.0,5.0,3.0,2.06,3.46,3.44,1.79,1.96,0.0,0.0,football-data
2026-09-12,2026-09-12,15:00,League 1,AFC Wimbledon,Doncaster,1.0,0.0,6.0,6.0,0.8,1.82,11.0,22.0,3.0,9.0,2.59,3.36,2.55,1.89,1.82,0.0,0.0,football-data
2026-09-12,2026-09-12,15:00,League 1,Blackpool,Bromley,2.0,2.0,12.0,6.0,1.12,1.14,18.0,15.0,4.0,8.0,1.75,3.69,4.35,1.72,2.02,0.0,0.0,football-data
2026-09-12,2026-09-12,15:00,League 1,Cambridge Utd,Reading,2.0,1.0,7.0,3.0,0.75,1.41,11.0,19.0,5.0,4.0,2.57,3.29,2.6,1.92,1.81,0.0,0.0,football-data
2026-09-12,2026-09-12,12:30,League 1,Leyton Orient,Wycombe,2.0,3.0,6.0,9.0,1.12,1.16,14.0,14.0,4.0,7.0,2.49,3.45,2.63,1.74,2.0,0.0,0.0,football-data
2026-09-12,2026-09-12,15:00,League 1,MK Dons,Peterborough,1.0,1.0,6.0,9.0,1.15,1.29,14.0,17.0,2.0,3.0,2.0,3.74,3.28,1.53,2.37,0.0,0.0,football-data
2026-09-12,2026-09-12,15:00,League 1,Mansfield,Huddersfield,0.0,0.0,2.0,6.0,0.88,1.49,9.0,19.0,1.0,2.0,3.36,3.52,2.02,1.69,2.06,1.0,0.0,football-data
2026-09-12,2026-09-12,12:30,League 1,Notts County,Bradford,0.0,1.0,5.0,4.0,0.49,0.5,9.0,8.0,1.0,3.0,2.93,3.24,2.37,2.1,1.67,0.0,0.0,football-data
2026-09-12,2026-09-12,15:00,League 1,Oxford Utd,Burton,3.0,0.0,2.0,5.0,1.28,0.47,11.0,9.0,5.0,2.0,1.84,3.58,3.98,1.81,1.92,0.0,0.0,football-data
2026-09-12,2026-09-12,15:00,League 1,Plymouth,Barnsley,3.0,0.0,4.0,8.0,0.51,0.8,7.0,15.0,4.0,0.0,1.64,4.13,4.52,1.49,2.49,0.0,0.0,football-data
2026-09-12,2026-09-12,15:00,League 1,Sheffield Wed,Wigan,0.0,0.0,8.0,7.0,0.61,1.48,12.0,13.0,3.0,2.0,1.66,3.95,4.62,1.59,2.24,0.0,0.0,football-data
2026-09-12,2026-09-12,15:00,League 1,Stockport,Leicester,3.0,4.0,8.0,1.0,2.08,1.07,18.0,9.0,5.0,5.0,1.86,3.75,3.7,1.58,2.24,0.0,0.0,football-data
2026-09-12,2026-09-12,15:00,League 2,Barnet,Accrington,2.0,1.0,6.0,4.0,1.64,0.49,15.0,8.0,5.0,2.0,1.57,4.13,5.12,1.57,2.27,0.0,1.0,football-data
2026-09-12,2026-09-12,15:00,League 2,Colchester,Crewe,1.0,1.0,1.0,3.0,1.05,0.87,16.0,9.0,5.0,1.0,2.09,3.51,3.21,1.76,1.96,0.0,0.0,football-data
2026-09-12,2026-09-12,12:30,League 2,Crawley,Cheltenham,1.0,3.0,8.0,3.0,1.48,1.69,18.0,9.0,6.0,3.0,2.35,3.53,2.73,1.65,2.13,0.0,0.0,football-data
2026-09-12,2026-09-12,15:00,League 2,Gillingham,Tranmere,2.0,0.0,5.0,5.0,1.28,0.9,10.0,15.0,5.0,3.0,2.6,3.28,2.59,1.99,1.74,0.0,0.0,football-data
2026-09-12,2026-09-12,12:30,League 2,Grimsby,Bristol Rovers,2.0,0.0,8.0,8.0,1.23,0.09,8.0,3.0,3.0,1.0,2.33,3.53,2.76,1.71,2.04,0.0,1.0,football-data
2026-09-12,2026-09-12,15:00,League 2,Newport,Fleetwood,1.0,1.0,9.0,3.0,2.28,1.09,16.0,14.0,2.0,3.0,3.25,3.46,2.09,1.82,1.9,0.0,0.0,football-data
2026-09-12,2026-09-12,15:00,League 2,Oldham,Chesterfield,1.0,2.0,1.0,4.0,0.61,2.03,8.0,13.0,6.0,5.0,2.17,3.37,3.15,1.87,1.84,0.0,0.0,football-data
2026-09-12,2026-09-12,15:00,League 2,Port Vale,Exeter,1.0,0.0,6.0,4.0,1.52,0.56,14.0,10.0,4.0,0.0,2.0,3.4,3.58,1.97,1.77,0.0,0.0,football-data
2026-09-12,2026-09-12,15:00,League 2,Rotherham,Salford,3.0,3.0,4.0,3.0,2.29,1.21,20.0,10.0,9.0,5.0,2.8,3.52,2.31,1.74,2.0,0.0,1.0,football-data
2026-09-12,2026-09-12,15:00,League 2,Shrewsbury,Northampton,2.0,0.0,1.0,5.0,0.44,0.47,11.0,7.0,4.0,5.0,2.58,3.15,2.7,2.21,1.6,0.0,0.0,football-data
2026-09-12,2026-09-12,15:00,League 2,Walsall,Rochdale,0.0,0.0,7.0,4.0,1.92,0.38,24.0,9.0,7.0,1.0,1.73,3.77,4.37,1.73,2.01,0.0,0.0,football-data
2026-09-12,2026-09-12,15:00,League 2,York,Swindon,4.0,0.0,6.0,1.0,2.35,0.59,20.0,7.0,9.0,4.0,1.6,4.07,4.82,1.56,2.31,0.0,1.0,football-data
2026-09-12,2026-09-13,12:00,Championship,Sheffield Utd,Wolves,0.0,1.0,0.0,9.0,0.63,1.86,6.0,17.0,2.0,3.0,3.16,3.52,2.12,1.7,2.07,0.0,0.0,football-data
2026-09-15,2026-09-15,19:45,Championship,Bristol City,Lincoln,0.0,1.0,13.0,4.0,1.53,0.54,18.0,9.0,4.0,3.0,1.85,3.55,4.19,1.96,1.79,0.0,0.0,football-data
2026-09-15,2026-09-15,19:45,Championship,Middlesbrough,Millwall,2.0,2.0,14.0,1.0,1.52,1.69,22.0,11.0,7.0,4.0,1.47,4.6,6.03,1.54,2.38,0.0,0.0,football-data
2026-09-17,2026-09-17,20:00,League 1,AFC Wimbledon,MK Dons,0.0,0.0,5.0,6.0,1.28,1.02,11.0,11.0,2.0,2.0,2.84,3.38,2.31,1.82,1.9,0.0,0.0,football-data
2026-09-17,2026-09-18,20:00,Championship,Bristol City,Watford,1.0,0.0,2.0,5.0,1.56,0.52,17.0,10.0,7.0,2.0,1.74,3.85,4.41,1.72,2.04,0.0,0.0,football-data
2026-09-17,2026-09-19,15:00,Championship,Birmingham,Middlesbrough,2.0,2.0,5.0,3.0,1.23,2.14,15.0,15.0,5.0,4.0,2.85,3.58,2.29,1.65,2.14,0.0,0.0,football-data
2026-09-17,2026-09-19,15:00,Championship,Burnley,Derby,1.0,1.0,4.0,6.0,0.45,1.75,6.0,17.0,2.0,6.0,1.79,3.68,4.21,1.82,1.92,0.0,0.0,football-data
2026-09-17,2026-09-19,12:30,Championship,Cardiff,Charlton,3.0,1.0,6.0,1.0,2.6,1.26,27.0,6.0,8.0,3.0,1.79,3.9,4.01,1.62,2.22,0.0,0.0,football-data
2026-09-17,2026-09-19,15:00,Championship,Lincoln,Swansea,1.0,2.0,2.0,1.0,2.11,0.92,13.0,10.0,4.0,4.0,2.79,3.36,2.43,1.88,1.84,0.0,0.0,football-data
2026-09-17,2026-09-19,12:30,Championship,Millwall,West Ham,2.0,2.0,3.0,11.0,2.68,1.87,19.0,15.0,7.0,6.0,4.02,3.88,1.79,1.57,2.31,0.0,1.0,football-data
2026-09-17,2026-09-19,15:00,Championship,Portsmouth,Blackburn,2.0,2.0,9.0,7.0,1.6,0.59,22.0,8.0,7.0,5.0,2.08,3.39,3.44,1.99,1.76,0.0,0.0,football-data
2026-09-17,2026-09-19,15:00,Championship,QPR,Preston,2.0,2.0,9.0,3.0,2.33,1.31,30.0,13.0,6.0,3.0,1.72,3.79,4.53,1.78,1.96,1.0,0.0,football-data
2026-09-17,2026-09-19,12:30,Championship,Stoke,Sheffield Utd,2.0,1.0,8.0,1.0,0.54,0.48,12.0,8.0,5.0,3.0,2.39,3.39,2.84,1.84,1.89,0.0,0.0,football-data
2026-09-17,2026-09-19,15:00,Championship,Wrexham,Southampton,2.0,1.0,2.0,3.0,0.54,2.08,8.0,20.0,4.0,7.0,2.91,3.52,2.28,1.75,2.01,0.0,0.0,football-data
2026-09-17,2026-09-19,12:30,League 1,Barnsley,Leicester,1.0,1.0,5.0,12.0,1.18,2.4,12.0,20.0,5.0,8.0,3.17,3.83,2.04,1.45,2.61,1.0,0.0,football-data
2026-09-17,2026-09-19,15:00,League 1,Blackpool,Plymouth,2.0,4.0,3.0,8.0,0.67,2.44,10.0,24.0,4.0,9.0,2.63,3.62,2.4,1.6,2.23,0.0,0.0,football-data
2026-09-17,2026-09-19,15:00,League 1,Bromley,Huddersfield,2.0,1.0,4.0,9.0,0.38,2.67,5.0,18.0,3.0,8.0,5.19,4.04,1.58,1.68,2.09,0.0,0.0,football-data
2026-09-17,2026-09-19,12:30,League 1,Burton,Mansfield,2.0,2.0,4.0,5.0,0.83,1.58,10.0,12.0,3.0,5.0,2.5,3.42,2.65,1.85,1.88,0.0,0.0,football-data
2026-09-17,2026-09-19,15:00,League 1,Leyton Orient,Stevenage,1.0,0.0,3.0,6.0,0.43,1.54,7.0,16.0,1.0,4.0,2.32,3.23,3.03,2.11,1.66,0.0,0.0,football-data
2026-09-17,2026-09-19,15:00,League 1,Luton,Bradford,0.0,1.0,14.0,3.0,0.83,0.29,15.0,5.0,3.0,3.0,2.08,3.49,3.3,1.83,1.91,1.0,0.0,football-data
2026-09-17,2026-09-19,15:00,League 1,Oxford Utd,Cambridge Utd,1.0,1.0,5.0,8.0,0.88,1.06,10.0,15.0,5.0,2.0,2.11,3.44,3.26,1.87,1.86,0.0,0.0,football-data
2026-09-17,2026-09-19,15:00,League 1,Peterborough,Doncaster,0.0,2.0,8.0,3.0,1.27,1.1,14.0,9.0,0.0,4.0,2.37,3.63,2.68,1.57,2.28,0.0,0.0,football-data
2026-09-17,2026-09-19,15:00,League 1,Reading,Notts County,2.0,0.0,4.0,1.0,2.62,0.59,17.0,12.0,7.0,2.0,1.81,3.66,4.07,1.8,1.93,0.0,0.0,football-data
2026-09-17,2026-09-19,15:00,League 1,Sheffield Wed,Stockport,0.0,0.0,4.0,5.0,0.93,1.41,6.0,18.0,2.0,2.0,2.84,3.64,2.25,1.62,2.2,0.0,0.0,football-data
2026-09-17,2026-09-19,15:00,League 1,Wigan,Wycombe,0.0,1.0,4.0,5.0,0.41,1.66,12.0,11.0,2.0,1.0,2.47,3.49,2.61,1.71,2.05,0.0,0.0,football-data
2026-09-17,2026-09-19,15:00,League 2,Accrington,Newport,0.0,0.0,4.0,5.0,0.69,0.61,10.0,14.0,4.0,4.0,2.02,3.48,3.43,1.82,1.9,0.0,0.0,football-data
2026-09-17,2026-09-19,15:00,League 2,Barnet,Fleetwood,3.0,1.0,5.0,6.0,2.06,1.28,13.0,15.0,6.0,4.0,1.66,3.94,4.59,1.65,2.13,1.0,0.0,football-data
2026-09-17,2026-09-19,15:00,League 2,Chesterfield,York,2.0,0.0,7.0,4.0,1.79,0.37,26.0,7.0,8.0,0.0,2.37,3.52,2.72,1.66,2.11,0.0,0.0,football-data
2026-09-17,2026-09-19,15:00,League 2,Colchester,Cheltenham,1.0,1.0,3.0,9.0,0.62,1.43,8.0,12.0,2.0,2.0,1.91,3.6,3.69,1.73,2.02,1.0,0.0,football-data
2026-09-17,2026-09-19,15:00,League 2,Crewe,Shrewsbury,1.0,1.0,6.0,9.0,0.95,2.3,10.0,21.0,4.0,6.0,1.94,3.45,3.72,1.92,1.8,0.0,0.0,football-data
2026-09-17,2026-09-19,15:00,League 2,Exeter,Tranmere,0.0,0.0,6.0,2.0,0.8,0.8,9.0,10.0,3.0,1.0,2.24,3.36,3.04,1.94,1.79,0.0,0.0,football-data
2026-09-17,2026-09-19,15:00,League 2,Gillingham,Bristol Rovers,3.0,0.0,2.0,1.0,1.76,0.62,10.0,8.0,6.0,2.0,3.6,3.54,1.94,1.81,1.92,0.0,0.0,football-data
2026-09-17,2026-09-19,15:00,League 2,Grimsby,Crawley,2.0,0.0,9.0,6.0,3.78,1.05,22.0,13.0,11.0,1.0,1.44,4.57,6.14,1.48,2.49,0.0,0.0,football-data
2026-09-17,2026-09-19,15:00,League 2,Northampton,Rotherham,0.0,1.0,5.0,7.0,0.93,1.38,17.0,11.0,3.0,5.0,2.34,3.35,2.87,2.03,1.72,0.0,0.0,football-data
2026-09-17,2026-09-19,12:30,League 2,Rochdale,Oldham,2.0,0.0,0.0,6.0,0.49,2.47,7.0,17.0,2.0,1.0,3.63,3.57,1.94,1.76,1.97,0.0,0.0,football-data
2026-09-17,2026-09-19,15:00,League 2,Salford,Swindon,1.0,0.0,12.0,5.0,1.63,1.18,21.0,12.0,6.0,1.0,1.53,4.31,5.33,1.53,2.37,0.0,0.0,football-data
2026-09-17,2026-09-19,12:30,League 2,Walsall,Port Vale,2.0,0.0,7.0,4.0,0.79,0.56,15.0,9.0,5.0,1.0,2.44,3.31,2.79,1.92,1.81,0.0,0.0,football-data
2026-09-17,2026-09-20,13:30,Championship,Norwich,Bolton,3.0,4.0,4.0,2.0,0.69,1.1,10.0,9.0,4.0,5.0,1.52,4.44,5.39,1.51,2.44,0.0,0.0,football-data
2026-09-17,2026-09-20,12:00,Championship,Wolves,West Brom,1.0,0.0,8.0,7.0,1.95,0.29,15.0,7.0,6.0,2.0,1.81,3.63,4.25,1.84,1.9,0.0,0.0,football-data
2026-09-26,2026-09-26,15:00,League 1,Cambridge Utd,AFC Wimbledon,1.0,1.0,8.0,1.0,1.27,0.86,18.0,7.0,5.0,3.0,1.82,3.5,4.27,2.01,1.74,0.0,0.0,football-data
2026-09-26,2026-09-26,15:00,League 1,Plymouth,Burton,0.0,1.0,3.0,4.0,2.5,0.94,13.0,10.0,3.0,3.0,1.59,4.11,5.06,1.64,2.16,0.0,0.0,football-data
2026-09-26,2026-09-26,15:00,League 1,Stockport,Peterborough,1.0,0.0,6.0,4.0,1.78,1.43,14.0,10.0,5.0,4.0,1.35,5.21,6.95,1.37,2.92,0.0,0.0,football-data
2026-09-26,2026-09-26,15:00,League 1,Wycombe,Reading,2.0,2.0,5.0,7.0,1.96,1.25,17.0,21.0,5.0,7.0,2.52,3.61,2.53,1.65,2.14,0.0,0.0,football-data
2026-09-26,2026-09-26,15:00,League 2,Bristol Rovers,Exeter,1.0,0.0,6.0,3.0,2.09,0.5,17.0,8.0,5.0,5.0,1.72,3.79,4.41,1.78,1.95,0.0,0.0,football-data
2026-09-26,2026-09-26,15:00,League 2,Cheltenham,Chesterfield,2.0,1.0,2.0,11.0,0.75,2.08,7.0,27.0,3.0,11.0,3.03,3.65,2.13,1.66,2.11,0.0,0.0,football-data
2026-09-26,2026-09-26,15:00,League 2,Fleetwood,Rochdale,1.0,2.0,5.0,5.0,1.44,0.96,21.0,12.0,5.0,6.0,1.88,3.58,3.87,1.86,1.85,0.0,1.0,football-data
2026-09-26,2026-09-26,15:00,League 2,Newport,Grimsby,2.0,1.0,7.0,3.0,0.66,1.07,10.0,10.0,5.0,3.0,4.1,3.67,1.8,1.79,1.94,0.0,0.0,football-data
2026-09-26,2026-09-26,17:30,League 2,Oldham,Salford,1.0,4.0,11.0,5.0,0.79,1.62,18.0,16.0,3.0,7.0,2.44,3.49,2.66,1.71,2.04,0.0,0.0,football-data
2026-09-26,2026-09-26,15:00,League 2,Rotherham,Crewe,1.0,1.0,3.0,2.0,0.53,0.36,11.0,5.0,4.0,0.0,2.1,3.63,3.11,1.69,2.07,0.0,0.0,football-data
2026-09-26,2026-09-26,15:00,League 2,Shrewsbury,Colchester,2.0,2.0,8.0,4.0,1.61,1.05,18.0,11.0,6.0,4.0,2.55,3.29,2.67,1.98,1.76,0.0,0.0,football-data
2026-09-26,2026-09-26,15:00,League 2,Swindon,Accrington,1.0,1.0,6.0,7.0,1.82,1.3,11.0,12.0,5.0,4.0,2.17,3.5,3.06,1.77,1.96,0.0,0.0,football-data
2026-09-26,2026-09-26,15:00,League 2,Tranmere,Walsall,1.0,1.0,6.0,5.0,2.2,0.82,21.0,7.0,11.0,2.0,2.48,3.31,2.72,1.86,1.86,0.0,0.0,football-data
2026-09-26,2026-09-26,15:00,League 2,York,Gillingham,3.0,0.0,4.0,2.0,2.33,0.24,17.0,6.0,6.0,0.0,1.51,4.41,5.49,1.57,2.28,0.0,1.0,football-data
